{
  "lang":"en",
  "name":"pipeline",
  "version":"0.0.0",
  "spacy_version":">=3.7.4,<3.8.0",
  "description":"",
  "author":"",
  "email":"",
  "url":"",
  "license":"",
  "spacy_git_version":"bff8725f4",
  "vectors":{
    "width":0,
    "vectors":0,
    "keys":0,
    "name":null,
    "mode":"default"
  },
  "labels":{
    "transformer":[

    ],
    "ner":[
      "ACC",
      "AGE",
      "CAUSE",
      "DATE",
      "DAY",
      "GEND",
      "INJ",
      "INJCOUNT",
      "LOC",
      "PER",
      "TIME",
      "VEH"
    ]
  },
  "pipeline":[
    "transformer",
    "ner"
  ],
  "components":[
    "transformer",
    "ner"
  ],
  "disabled":[

  ],
  "performance":{
    "ents_f":0.8778962726,
    "ents_p":0.8616433686,
    "ents_r":0.8947741113,
    "ents_per_type":{
      "INJCOUNT":{
        "p":0.7985524729,
        "r":0.9056087551,
        "f":0.8487179487
      },
      "ACC":{
        "p":0.8712656165,
        "r":0.9077532541,
        "f":0.889135255
      },
      "VEH":{
        "p":0.8538812785,
        "r":0.9166666667,
        "f":0.8841607565
      },
      "INJ":{
        "p":0.8633093525,
        "r":0.8823529412,
        "f":0.8727272727
      },
      "DATE":{
        "p":0.9771167048,
        "r":0.9861431871,
        "f":0.9816091954
      },
      "TIME":{
        "p":0.8726673985,
        "r":0.8038422649,
        "f":0.8368421053
      },
      "LOC":{
        "p":0.8229366603,
        "r":0.8736627611,
        "f":0.8475413887
      },
      "PER":{
        "p":0.9299666508,
        "r":0.9639506173,
        "f":0.9466537342
      },
      "DAY":{
        "p":0.8719008264,
        "r":0.9336283186,
        "f":0.9017094017
      },
      "CAUSE":{
        "p":0.6356589147,
        "r":0.5899280576,
        "f":0.6119402985
      },
      "AGE":{
        "p":0.9476047904,
        "r":0.9476047904,
        "f":0.9476047904
      },
      "GEND":{
        "p":0.8081632653,
        "r":0.9519230769,
        "f":0.8741721854
      }
    },
    "transformer_loss":33.2734196186,
    "ner_loss":56.6793207945
  }
}